CBL Number,,DATE ADDED
OOLU/2117359870,,JANUARY ETA
HDMU/SSWB1705162,,
WHLC/031A559347,,
WHLC031A559345,,
WHLC031A559346,,
WHLC031A559344,,
WHLC031A559348,,
WHLC031A559349,,
HDMU/SSWB1705161,,
WHLC/031A560826,,
COSU/6283129170,,
OOLU/2117085240,,
OOLU/2117085250,,
COSU/6282895000,,
COSU/6282391880,,
COSU/6282967710,,
COSU/6883159510,,
MAEU/911451642,,
MEDU/T7726929,,
MEDU/T7726937,,
MEDU/T7726911,,
CMDU/NBST546491,,
MEDU/T7778789,,
YMLU/W232411365,,
HDMU/NXWB1070392,,
COSU6284642010,,
COSU6284641780,,
WHLC027A709264,,
WHLC027A709265,,
WHLC027A709266,,
WHLC027A709267,,
WHLC027A709268,,
ONEYNB0BFC174300,,
ONEYNB0BFC175400,,
ONEY/NB0BFC171700,,
YMLU/E232179596,,
COSU/6279706700,,
COSU/6279704530,,
COSU/6279711620,,
COSU/6279226930,,
OOLU/2117265140,,
COSU/6279690090,,
COSU/6282384110,,
OOLU/2117225380,,
OOLU/2117273550,,
COSU/6283947000,,
COSU/6283947240,,
COSU/6283677540,,
COSU/6283677910,,
COSU/6283758640,,
OOLU/2649934370,,
COSU/6280799830,,
COSU/6282287570,,
OOLU/2117788400,,
OOLU2117414390,,
COSU6284671970,,
OOLU2117414400,,
OOLU/2117359680,,
OOLU/2651007760,,
COSU/6280837230,,
COSU/6290103950,,
OOLU/2117412570,,
OOLU/2117412580,,
COSU6284434800,,
COSU6284437700,,
CMDU/TSHY083492,,
COSU6300039030,,
OOLU2117415600,,
EGLV/143074230867,,
COSU6284905960,,
COSU6284917610,,
COSU6284919160,,
COSU6285139870,,
YMLUW232412415,,
HDMUNXWB1070393,,
MAEU/911451663,,
COSU6883159590,,
COSU6883710020,,
COSU6883729550,,
COSU6285445800,,
COSU6285448600,,
COSU6285464500,,
COSU6285755070,,
COSU6285755010,,
COSU6285755040,,
COSU/6281133670,,
COSU/6282864680,,
COSU6285140010,,
COSU6284190610,,
COSU6285888260,,
COSU6285888540,,
ONEY/NB0BFC170600,,
YMLU/E232179803,,
CMDU/NBYE590019,,
COSU/6280047300,,
COSU/6283137150,,
OOLU/2117225300,,
MEDU/T7901522,,
MEDU/T7901530,,
MEDUNN842970,,
CMDU/NBST550000,,
ONEYNB0BFC178700,,
COSU6285867970,,
OOLU2118249790,,
OOLU2118249780,,
ONEY/TS0QY0454300,,
COSU/6282897680,,
COSU/6282899390,,
COSU/6281344510,,
OOLU/2653443520,,
OOLU2117640930,,
OOLU2117640960,,
COSU/6285149480,,
COSU/6285149660,,
COSU6290258860,,
COSU6290259150,,
OOLU2654236170,,
WHLC031A561020,,
WHLC031A561021,,
WHLC031A561022,,
WHLC031A561023,,
WHLC031A561024,,
WHLC027A717055,,
WHLC027A717056,,
WHLC027A717058,,
WHLC031A561025,,
WHLC027A717057,,
WHLC027A717059,,
WHLC/031A562709,,
WHLC031A562706,,
WHLC031A562707,,
WHLC031A562708,,
WHLC031A562711,,
WHLC031A562710,,
WHLC027A721776,,
WHLC027A721777,,
WHLC027A721778,,
WHLC027A721779,,
WHLC031A562835,,
YMLU/W232413594,,
COSU6284707860,,
EGLV/143074230883,,
HDMU/SSWB1705160,,
HDMU/SSWB1705159,,
HDMUNXWB1070394,,
MEDUQO592099,,
COSU/6284351480,,
COSU/6282711760,,
OOLU2655300780,,
COSU/6285753560,,
COSU6285753880,,
COSU6285753690,,
OOLU2117741510,,
OOLU2117741530,,
COSU6285638890,,
COSU6285715090,,
COSU6285715390,,
OOLU/2117360850,,
ONEYNB0BFC182900,,
OOLU2655300590,,
COSU6285140370,,
MEDU/T7967606,,
COSU6290133690,,
COSU6285565140,,
COSU6285524000,,
COSU6290329850,,
COSU6285523920,,
COSU6286360790,,
COSU6290202770,,
YMLUW232413973,,
OOLU2117650060,,
COSU/6284627760,,
CMDU/NBYE590021,,
CMDU/NBYE590022,,
COSU/6281943480,,
COSU/6283310340,,
COSU/6283226470,,
OOLU2118448900,,
OOLU2117796930,,
COSU6286489180,,
COSU6286576220,,
COSU6286489120,,
COSU6286489070,,
COSU6286489100,,
COSU6286489190,,
COSU6287076130,,
MAEU/206568340,,
OOLU2118448560,,
OOLU2118448570,,
OOLU2118448580,,
COSU6286484430,,
ONEY/TS0QY0487900,,
HDMU/SSWB1705179,,
YMLUW232414475,,
HDMUNXWB1070396,,
CMDUNBYE590023,,
CMDUNBYE590024,,
ONEYNB0BFC180700,,FEBRUARY ETA
OOLU2655304910,,
WHLC027A727509,,
WHLC027A727510,,
WHLC027A727511,,
WHLC027A727512,,
WHLC027A727513,,
WHLC031A564325,,
WHLC031A564326,,
WHLC031A564327,,
WHLC031A564328,,
WHLC031A564329,,
WHLC031A564331,,
WHLC031A564330,,
COSU6287174590,,
COSU6287174830,,
COSU6287183240,,
YMLU/E232180135,,
CMDU/TSHY083707,,
CMDU/TSHY083704,,
CMDU/TSHY083708,,
CMDU/TSHY083705,,
CMDU/TSHY083706,,
CMDU/TSHY083616,,
CMDU/TSHY083613,,
CMDU/TSHY083615,,
CMDU/TSHY083617,,
CMDU/TSHY083614,,
CMDU/NBMZ720743,,
OOLU2117741830,,
COSU/6283311200,,
CMDUNBST555020,,
MAEU206568374,,
COSU/6283600700,,
OOLU2118526350,,
OOLU2118526370,,
COSU6287306140,,
COSU6287306450,,
CMDUNBST552549,,
YMLUW232415908,,
HDMUNBOZ47770200,,
HLCUNG12101BTAF5,,
CMDUTSHY083728,,
OOLU2656908890,,
OOLU/2118526040,,
OOLU/2118526050,,
OOLU/2118526080,,
COSU6287233530,,
COSU6287233640,,
COSU6287004290,,
COSU6287004010,,
OOLU2655304970,,
CMDUTSHY099021,,
COSU6883736430,,
COSU6281343890,,
WHLC031B500325,,
WHLC031B500326,,
WHLC031B500327,,
WHLC031B500328,,
WHLC031B500329,,
WHLC031B500330,,
COSU6883159670,,
COSU6286525590,,
COSU6286525760,,
COSU6286481310,,
COSU6284866000 ,,
COSU6284865990 ,,
OOLU2658118560,,
OOLU2118164200,,
OOLU2118527580,,
OOLU2118527590,,
ONEYTS0QY0606900,,
COSU6288029230,,
COSU6288029480,,
OOLU2118921770,,
OOLU2118921800,,
COSU6286981470,,
COSU6286980590,,
COSU6286872550,,
OOLU2656980950,,
COSU6285928580,,
COSU6288136120,,
EGLV143074230891,,
ONEYNB0BFC181800,,
WHLC027B501509,,
WHLC027B501510,,
WHLC027B501511,,
WHLC027B501512,,
ONEYTS0QY0605800,,
OOLU2118933250,,
OOLU2118933280,,
COSU6288012440,,
COSU6288012660,,
COSU6288012920,,
HDMUTAOZ09980700,,
YMLUW232417217,,
YMLU/E232180463,,
ONEY/NB0BFC172800,,
OOLU2118255650,,
COSU6283628890,,
COSU6283975420,,
COSU6288981420,,
OOLU2118922300,,
OOLU2118922310,,
HDMUNKGZ06264900,,
MAEU207442298,,
MAEU207547018,,
MAEU207546951,,
MAEU207496274,,
MAEU207496227,,
COSU6883159860,,
COSU6883761290,,
COSU6883769490,,
COSU6883769500,,
OOLU2657349090,,
YMLUW232417842,,
WHLC031B502438,,
WHLC031B502439,,
WHLC031B502440,,
WHLC031B502441,,
WHLC031B502442,,
WHLC031B502443,,
OOLU2119252430,,
OOLU2119252440,,
OOLU2119314340,,
WHLC027B506065,,
WHLC027B506066,,
WHLC027B506069,,
WHLC027B506067,,
WHLC027B506068,,
COSU6288909880,,
COSU6288910710,,
COSU6288964120,,
COSU6288909150,,
YMLU/E232180703,,
HDMU/SSWB1705099,,
COSU6287996120,,
COSU6287996630,,
COSU6287996320,,
COSU6287996420,,
COSU6287996490,,
OOLU2118745910,,
OOLU/2118745900,,
COSU6288340870,,
OOLU2119157430,,
COSU6284306330,,
HDMUTAOZ44813500,,
CMDU/NBYE590028,,
CMDU/NBYE590027,,
CMDUNBYE590029,,
HDMUNBOZ47945600,,
COSU/6284770210,,
OOLU2657055220,,
OOLU2657055370,,
OOLU2657055730,,
OOLU2657053060,,
OOLU2657053650,,
OOLU2657056110,,
ZIMUXNG4156548,,
ZIMUXNG4156547,,
OOLU2118922610,,
COSU6288787430,,
COSU6288787610,,
COSU6288787900,,
OOLU2118922620,,
COSU6288867590,,
COSU6288900480,,
COSU6288130480,,
COSU6300051640,,
COSU6287135140,,
COSU6289826530,,
COSU6289827000,,
COSU6290530700,,
COSU6290541920,,
OOLU2119246320,,
OOLU2119246300,,
COSU6289800950,,
CMDUTSHY099250,,
COSU6288131000,,
COSU6289924560,,
ONEY/NB0BFC173900,,
YMLUE232180963,,
ONEYNB0BFC183300,,
MAEU207144812,,
WHLC031B504397,,
WHLC031B504398,,
WHLC031B504399,,
WHLC031B504400,,
WHLC031B504401,,
WHLC027B512950,,
WHLC027B512952,,
WHLC027B512954,,
WHLC027B512951,,
WHLC027B512953,,
COSU6287351440,,
COSU6883758970,,
OOLU2119409050,,
OOLU2119409070,,
COSU6291368940,,
COSU6291369040,,
OOLU2119409030,,
OOLU2119409040,,
COSU6287814550,,MARCH ETA
COSU6287817910,,
COSU6289578170,,
YMLUW232418363,,
OOLU2119250060,,
OOLU2119322480,,
COSU6289987300,,
COSU6289514030,,
COSU6288655490,,
YMLUW232419955,,
MAEU207646528,,
ZIMUXNG4156567,,
ZIMUXNG4156582,,
ONEYTS0QY0749300,,
ONEYTS0QY0748900,,
HDMUTAOZ34530200,,
COSU6286976860,,
COSU6883759030,,
COSU6288179390,,
COSU6288176920,,
COSU6288179930,,
COSU6288655390,,
OOLU2658015210,,
OOLU2119411070,,
OOLU2119411080,,
WHLC031B505952,,
WHLC031B505953,,
WHLC031B505954,,
WHLC031B505955,,
WHLC031B505950,,
WHLC031B505951,,
WHLC027B517478,,
WHLC027B517479,,
WHLC027B517480,,
WHLC027B517481,,
ZIMUXNG4156596,,
ZIMUXNG4156611,,
CMDUNBYE590030,,
OOLU2118922420,,
ONEYNB0BFC189900,,
COSU6291312110,,
COSU6289937220,,
COSU6289937360,,
COSU/6290339310,,
COSU6284920370,,
COSU6287187680,,
OOLU2118841100,,
ONEY/NB0BFC177600,,
YMLUE232181217,,
SUDUN1TSN000763A,,
COSU6286288680,,
COSU/6284998260,,
COSU6285929350,,
COSU/6287857940,,
COSU/6287858480,,
OOLU2117937100,,
OOLU2117937140,,
COSU6291117410,,
COSU6291120440,,
OOLU2119317240,,
OOLU2119317250,,
COSU6291511850,,
COSU6291406620,,
COSU6291406530,,
COSU6291406580,,
OOLU2658361750,,
OOLU2659605620,,
OOLU2119958610,,
OOLU2119958630,,
OOLU2119958650,,
OOLU2119958640,,
COSU6292119580,,
COSU6292119640,,
COSU6292119650,,
COSU6292119670,,
COSU6292119710,,
OOLU2659972090,,
COSU6289513320,,
COSU6290880160,,
COSU6290882150,,
COSU6292119610,,
COSU6292119700,,
COSU6292119600,,
OOLU2119234510,,
OOLU2119246580,,
COSU6286313490,,
OOLU2658361190,,
COSU6293097750,,
COSU6291406600,,
ONEYNB0BFC184400,,
YMLUE232181459,,
MEDUT4720867,,
OOLU2119942310,,
OOLU2119958300,,
ONEYTS0QY0873800,,
ONEYTS0QY0874900,,
HDMUNBOZ48768400,,
YMLUW232421754,,
COSU6288445780,,
COSU6289821210,,
OOLU2119317150,,
COSU6290542030,,
COSU6290541380,,
COSU6290542050,,
COSU6289145110,,
COSU6292960460,,
OOLU2119958670,,
OOLU2119958680,,
OOLU2119958690,,
OOLU2119322470,,
MAEU208071047,,
MAEU208071086,,
CMDUNBYE590054,,
CMDUNBYE590055,,
OOLU2119648550,,
OOLU2119648560,,
COSU6291120510,,
CMDUNBYE590038,,
CMDUNBYE590039,,
COSU6291120750,,
OOLU2119317350,,
YMLUE232181658,,
ONEYNB0BFC179800,,
OOLU2119958720,,
OOLU2119958730,,
ONEYNB0BFC185500,,
COSU6292960620,,
COSU6292960630,,
COSU6292960640,,
COSU6293348300,,
COSU6293348350,,
COSU6300145170,,
COSU6293348320,,
COSU6293348340,,
COSU6292803640,,
COSU6300104840,,
COSU6293140390,,
OOLU2119607750,,
OOLU2119607800,,
WHLC027B533265,,
ONEYTS0QY0929300,,
WHLC031B509412,,
WHLC031B509413,,
WHLC031B509414,,
WHLC031B509416,,
WHLC031B509415,,
COSU6288654580,,
COSU6288654910,,
COSU6291120640,,
COSU6291924760,,
COSU6291924870,,
OOLU2661137750,,
OOLU2661464210,,
OOLU2119847530,,
COSU6292960150,,
COSU6292960240,,
OOLU2119847580,,
YMLUW232422647,,
ONEYNB0BFC186600,,
ONEYNB0BFC198900,,
COSU6289514650,,
OOLU2120141420,,
COSU6293571090,,
OOLU2120141430,,
OOLU2120141450,,
YMLUE232182091,,
WHLC031B510445,,
WHLC031B510444,,
WHLC027B534912,,
COSU6290757640,,
COSU6290881040,,
COSU6290755940,,
OOLU2119648490,,
OOLU2659607810,,
COSU6287793110,,
CMDUNBYE590040,,
CMDUNBYE590044,,
CMDUNBYE590046,,
CMDUNBYE590047,,
CMDUNBYE590048,,
CMDUNBYE590052,,
CMDUNBYE590053,,
CMDUNBYE590049,,
CMDUNBYE590041,,
CMDUNBYE590045,,
COSU6293584480,,
COSU6293147890,,APRIL ETA
COSU6293662250,,
COSU6293662100,,
COSU6294256980,,
OOLU2120370750,,
OOLU2120370760,,
COSU6294256960,,
OOLU2120370770,,
COSU6292902160,,
COSU6291992650,,
COSU6293564250,,
OOLU2120150400,,
COSU6293563630,,
COSU6293564230,,
OOLU2120150290,,
OOLU2120150380,,
OOLU2120153600,,
COSU6294196620,,
OOLU2120153590,,
OOLU2120153620,,
COSU6292097010,,
COSU6292097080,,
COSU6292097200,,
COSU6293154620,,
OOLU2662303730,,
COSU6291652830,,
COSU6291100160,,
COSU6291653270,,
COSU6291464750,,
ONEYNB0BFC190800,,
ONEYNB0BFC191900,,
YMLUE232182489,,
COSU6294397750,,
COSU6294397860,,
HDMUNKGZ89788900,,
CMDUNBYE590043,,
CMDUNBYE590050,,
OOLU2119847470,,
CMDUNBYE590051,,
CMDUNBYE590057,,
ONEYNB1BF3400300,,
HDMUNKGZ34653800,,
YMLUW232423517,,
HDMUNBOZ49107100,,
COSU6293404860,,
COSU6293563480,,
COSU6293563840,,
OOLU2119965100,,
OOLU2120383250,,
OOLU2120383260,,
OOLU2120383270,,
COSU6295030840,,
OOLU2120401690,,
OOLU2120401700,,
ONEYNB0BFC192300,,
ONEYNB0BFC193400,,
COSU6292282410,,
HDMUNBOZ49238700,,
YMLUW232424170,,
COSU6294903700,,
CMDUNBYE590042,,
CMDUNBYE590056,,
COSU6293567430,,
HDMUNKGZ10132000,,
HDMUNKGZ54645800,,
COSU6291983730,,
COSU6291983870,,
CMDUNBYE590058,,
CMDUNBYE590059,,
COSU6292959860,,
OOLU2119965150,,
HDMUNKGZ38025500,,
COSU6294140260,,
OOLU2120184680,,
COSU6294140060,,
COSU6294261040,,
COSU6294265760,,
YMLUE232182872,,
HDMUNKGZ38642000,,
OOLU2661909370,,
COSU6294027080,,
COSU6294027100,,
COSU6294446600,,
OOLU2661136640,,
OOLU2661137460,,
WHLC031B515051,,
WHLC031B515052,,
WHLC031B515053,,
MEDUT4766050,,
MAEU208466624,,
ZIMUNGB9626087,,
HDMUNBOZ49192300,,
COSU6294580160,,
COSU6294580580,,
COSU6295736680,,
OOLU2120501010,,
OOLU2120501020,,
OOLU2120501030,,
OOLU2661464670,,
COSU6295069150,,
COSU6295069530,,
COSU6294398020,,
CMDUNBYE590060,,
COSU6293562790,,
CMDUNBYE590062,,
OOLU2120191030,,
OOLU2120191020,,
OOLU2661908940,,
OOLU2661909330,,
MAEU208467082,,
MAEU208628375,,
COSU6293115260,,
COSU6295026200,,
COSU6295026280,,
OOLU2120328650,,
OOLU2120328660,,
OOLU2662816650,,
OOLU2662754190,,
YMLUE232183051,,
ONEYNB0BFC195600,,
ONEYNB0BFC196700,,
YMLUE232183435,,
YMLUE232183442,,
HDMUNBOZ49257500,,
YMLUW232424899,,
COSU6295236940,,
COSU6295237520,,
COSU6294903650,,
COSU6294903660,,
COSU6294903680,,
COSU6295078120,,
COSU6294903690,,
HDMUNKGZ31695700,,
HDMUNKGZ82999600,,
HDMUNKGZ67699400,,
ZIMUNGB9698174,,
ZIMUNGB9698179,,
OOLU2662322620,,
OOLU2662322690,,
OOLU2662324610,,
COSU6295685870,,
COSU6295402090,,
OOLU2662816290,,
OOLU2120328330,,
COSU6293713910,,
OOLU2662754610,,
COSU6294350570,,
OOLU2662754620,,
YMLUE232182932,,MAY ETA
ONEYNB0BFC197800,,
MAEU208345805,,
MAEU208628133,,
OOLU2663085800,,
OOLU2120330620,,
OOLU2120330660,,
MAEU208628523,,
OOLU2120330630,,
OOLU2663239460,,
HDMUNKGZ52987900,,
ONEYNB0BFC199300,,
YMLUE232183327,,
OOLU2663149180,,
HDMUNKGZ97541200,,
COSU6295818640,,3/30/2021
OOLU2120099350,,3/30/2021
EGLV143151855315,,3/30/2021
MAEU1KT074550,,3/30/2021
OOLU2120104880,,3/30/2021
MAEU1KT078654,,3/30/2021
MAEU1KT078659,,3/30/2021
OOLU2660822680,,3/30/2021
OOLU2119582460,,3/30/2021
COSU6294953100,,3/30/2021
COSU6295818410,,3/30/2021
COSU6295818750,,3/30/2021
COSU6295818760,,3/30/2021
ONEYNB0BFC194500,,3/30/2021
OOLU2120501290,,3/30/2021
OOLU2120504470,,3/30/2021
WHLC031B516151,,3/31/2021
WHLC031B516152,,3/31/2021
WHLC031B516154,,3/31/2021
OOLU2120504450,,3/31/2021
OOLU2120504480,,3/31/2021
OOLU2120504510,,3/31/2021
WHLC031B516153,,3/31/2021
COSU6295874560,,3/31/2021
WHLC031B516155,,4/1/2021
COSU6295853290,,4/1/2021
COSU6296588410,,4/1/2021
OOLU2120868550,,4/1/2021
OOLU2120868570,,4/1/2021
OOLU2120868720,,4/1/2021
COSU6296605790,,4/1/2021
OOLU2664103220,,4/1/2021
OOLU2663553310,,4/1/2021
OOLU2663556860,,4/1/2021
OOLU2663822370,,4/1/2021
COSU6295729120,,4/2/2021
COSU6295729330,,4/2/2021
COSU6295729610,,4/2/2021
COSU6295729940,,4/2/2021
COSU6295741990,,4/2/2021
OOLU2120863730,,4/2/2021
OOLU2120863760,,4/2/2021
COSU6296647480,,4/2/2021
COSU6296647690,,4/2/2021
COSU6295848760,,4/2/2021
COSU6295849110,,4/2/2021
OOLU2664543310,,4/2/2021
OOLU2662906460,,4/2/2021
COSU6295735880,,4/6/2021
COSU6295735890,,4/6/2021
COSU6295735910,,4/6/2021
COSU6295735940,,4/6/2021
OOLU2120501110,,4/6/2021
COSU6296274910,,4/6/2021
COSU6296554390,,4/6/2021
COSU6296555200,,4/6/2021
ONEYNB1BF3405800,,4/6/2021
HDMUNBOZ49259500,,4/6/2021
COSU6296877970,,4/6/2021
OOLU2664340130,,4/6/2021
OOLU2664340180,,4/6/2021
ZIMUXNG4173549,,4/7/2021
OOLU2663560170,,4/7/2021
COSU6296274830,,4/7/2021
COSU6297167590,,4/7/2021
COSU6297168240,,4/7/2021
OOLU2664330450,,4/7/2021
YMLUW232425953,,4/7/2021
OOLU2664544480,,4/7/2021
ONEYTS1QY0811800,,4/7/2021
MAEU208275839,,4/8/2021
COSU6296543160,,4/8/2021
COSU6297065220,,4/8/2021
OOLU2121064080,,4/8/2021
E232183670,,4/8/2021
NBYE590074,,4/8/2021
NBYE590075,,4/8/2021
ONEYNB1BF3401400,,4/8/2021
ONEYNB1BF3402500,,4/8/2021
OOLU2121064100,,4/8/2021
OOLU2121064110,,4/8/2021
WHLC031B518535,,4/9/2021
COSU6297167160,,4/9/2021
WHLC031B518530,,4/9/2021
WHLC031B518531,,4/9/2021
WHLC031B518533,,4/9/2021
WHLC031B518534,,4/9/2021
COSU6297068420,,4/9/2021
COSU6297069190,,4/9/2021
COSU6297069370,,4/9/2021
COSU6297069600,,4/9/2021
COSU6297207420,,4/9/2021
OOLU2120906870,,4/9/2021
OOLU2121063220,,4/9/2021
COSU6296575680,,4/9/2021
COSU6296575700,,4/9/2021
OOLU2664149470,,4/9/2021
OOLU2664546650,,4/9/2021
MAEU209351528,,4/9/2021
COSU6297166590,,
COSU6297011130,,
OOLU2664149140,,
OOLU2664108640,,
COSU6297166300,,
COSU6297323240,,
ONEYNB1BF3406900,,
NBOZ49549200,,
YMLUW232426876,,
COSU6296573990,,
OOLU2120909770,,
OOLU2120936300,,
OOLU2120936600,,
CMDUTSHY099527,,
ZIMUXNG4173773,,
ZIMUXNG4173778,,
WHLC031B520692,,
WHLC031B520693,,
OOLU2664547080,,
TSHY099527,,
COSU6297306190,,
209351711,,
COSU6297063730,,
COSU6297064100,,
COSU6297064500,,
COSU6297964680,,
MAEU209351711,,
COSU6297342330,,
OOLU2121063400,,
COSU6297973420,,
ZIMUXNG4173573,,
ZIMUXNG4173582,,
209351711,,
COSU6296746820,,
ONEYNB1BF3409500,,
COSU6297973550,,
OOLU2121070730,,
OOLU2121070680,,
OOLU2664339720,,
OOLU2121356170,,
209351711,,
MAEU256411042,,
COSU6297342180,,
COSU6298180990,,
COSU6298179090,,
COSU6297149540,,
CMDUTSHY099581,,
COSU6297964240,,
OOLU2121070790,,
WHLC031B522619,,
WHLC031B522621,,
WHLC031B522622,,
WHLC031B522623,,
OOLU2121070660,,
COSU6298010350,,
HDMUTAOZ71245500,,
OOLU2121356180,,
209351711,,
CMDUTSHY099582,,
CMDUTSHY099583,,
COSU6297995380,,
ONEYNB1BF3403600,,
ONEYNB1BF3404700,,
YMLUE232183825,,
COSU6298000030,,
COSU6298003050,,
COSU6297999920,,
COSU6297687390,,
COSU6298989160,,
209351711,,
HDMUNBOZ49733000,,
COSU6298180630,,
COSU6298661580,,
COSU6298906050,,
COSU6298179690,,
209351711,,
COSU6298004400,,
OOLU2121368820,,
OOLU2121368850,,
OOLU2121368860,,
COSU6297969720,,
COSU6297969820,,
COSU6297969970,,
OOLU2121356160,,
COSU6297305410,,
COSU6297305610,,
COSU6297720400,,
YMLUW232427793,,
OOLU2665341630,,
OOLU2665358270,,
50,,4/23/2021
ONEYNB1BF3407300,,4/28/2021
YMLUE232183982,,4/28/2021
ONEYNB1BF3408400,,4/28/2021
209351711,,4/28/2021
OOLU2121357100,,4/28/2021
COSU6298840690,,4/28/2021
COSU6298840850,,4/28/2021
COSU6298864330,,4/28/2021
COSU6298864710,,4/28/2021
OOLU2121356780,,4/28/2021
COSU6298568310,,4/28/2021
COSU6298567800,,4/28/2021
COSU6299005730,,4/28/2021
WHLC031B524996,,4/28/2021
WHLC031B524997,,4/28/2021
WHLC031B524998,,4/28/2021
WHLC031B525000,,4/28/2021
WHLC031B525001,,4/28/2021
WHLC31B524999,,4/28/2021
COSU6298180190,,4/28/2021
COSU6298181490,,4/28/2021
COSU6299005750,,4/28/2021
COSU6299005760,,4/28/2021
COSU6299005770,,4/28/2021
COSU6299757020,,4/28/2021
COSU6299757180,,4/28/2021
OOLU2665358300,,4/28/2021
OOLU2665358730,,4/28/2021
ZIMUXNG4173571,,4/28/2021
ZIMUXNG4173772,,4/28/2021
ZIMUXNG4173777,,4/28/2021
COSU6298178470,,4/28/2021
COSU6298178840,,4/28/2021
MAEU209819791,,4/28/2021
MAEU256411044,,4/28/2021
MAEU256411050,,4/28/2021
